"Make","Year","Model"
"Acura","2014","ILX"
"Acura","2013","ILX"
"Acura","2014","MDX"
"Acura","2014","RDX"
"Acura","2014","RLX"
"Acura","2014","TL"
"Acura","2013","TL"
"Acura","2014","TSX"
"Acura","2013","TSX"
"Acura","2014","TSX Sport Wagon"
"Acura","2013","TSX Sport Wagon"
"Acura","2013","ZDX"
"Aston Martin","2014","DB9"
"Aston Martin","2014","Rapide S"
"Aston Martin","2013","V12 Vantage"
"Aston Martin","2013","V8 Vantage"
"Aston Martin","2014","Vanquish"
"Audi","2013","A3"
"Audi","2014","A4"
"Audi","2014","A5"
"Audi","2014","A6"
"Audi","2014","A7"
"Audi","2014","A8"
"Audi","2014","A8 L"
"Audi","2014","allroad"
"Audi","2013","allroad"
"Audi","2014","Q5"
"Audi","2014","Q7"
"Audi","2014","R8"
"Audi","2014","RS 5"
"Audi","2014","RS 7"
"Audi","2014","S4"
"Audi","2014","S5"
"Audi","2014","S6"
"Audi","2014","S7"
"Audi","2014","S8"
"Audi","2014","SQ5"
"Audi","2014","TT"
"Audi","2013","TT"
"Audi","2013","TT RS"
"Audi","2014","TTS"
"Audi","2013","TTS"
"Bentley","2013","Continental Flying Spur"
"Bentley","2014","Continental GT"
"Bentley","2013","Continental GT"
"Bentley","2014","Continental GT Speed"
"Bentley","2013","Continental GT Speed"
"Bentley","2014","Continental GT V8"
"Bentley","2013","Continental GT V8"
"Bentley","2014","Flying Spur"
"Bentley","2014","Mulsanne"
"Bentley","2013","Mulsanne"
"BMW","2013","1 Series"
"BMW","2014","3 Series"
"BMW","2013","3 Series"
"BMW","2014","3 Series Gran Turismo"
"BMW","2014","4 Series"
"BMW","2014","5 Series"
"BMW","2013","5 Series"
"BMW","2014","5 Series Gran Turismo"
"BMW","2013","5 Series Gran Turismo"
"BMW","2014","6 Series"
"BMW","2013","6 Series"
"BMW","2014","7 Series"
"BMW","2013","7 Series"
"BMW","2013","M3"
"BMW","2014","M5"
"BMW","2013","M5"
"BMW","2014","M6"
"BMW","2013","M6"
"BMW","2014","X1"
"BMW","2014","X3"
"BMW","2014","X5"
"BMW","2013","X5"
"BMW","2013","X5 M"
"BMW","2014","X6"
"BMW","2013","X6"
"BMW","2014","X6 M"
"BMW","2013","X6 M"
"BMW","2014","Z4"
"BMW","2013","Z4"
"Buick","2014","Enclave"
"Buick","2014","Encore"
"Buick","2013","Encore"
"Buick","2014","LaCrosse"
"Buick","2013","LaCrosse"
"Buick","2014","Regal"
"Buick","2013","Regal"
"Buick","2014","Verano"
"Buick","2013","Verano"
"Cadillac","2014","ATS"
"Cadillac","2013","ATS"
"Cadillac","2014","CTS Coupe"
"Cadillac","2014","CTS Sedan"
"Cadillac","2013","CTS Sedan"
"Cadillac","2014","CTS Wagon"
"Cadillac","2013","CTS Wagon"
"Cadillac","2014","CTS-V Coupe"
"Cadillac","2014","CTS-V Sedan"
"Cadillac","2013","CTS-V Sedan"
"Cadillac","2014","CTS-V Wagon"
"Cadillac","2013","CTS-V Wagon"
"Cadillac","2014","Escalade"
"Cadillac","2014","Escalade ESV"
"Cadillac","2014","SRX"
"Cadillac","2013","SRX"
"Cadillac","2014","XTS"
"Cadillac","2013","XTS"
"Chevrolet","2013","Avalanche"
"Chevrolet","2014","Camaro"
"Chevrolet","2013","Camaro"
"Chevrolet","2013","Corvette"
"Chevrolet","2014","Corvette Stingray"
"Chevrolet","2014","Cruze"
"Chevrolet","2014","Equinox"
"Chevrolet","2014","Express Cargo Van"
"Chevrolet","2013","Express Cargo Van"
"Chevrolet","2014","Express Passenger"
"Chevrolet","2013","Express Passenger"
"Chevrolet","2014","Impala"
"Chevrolet","2014","Malibu"
"Chevrolet","2013","Malibu"
"Chevrolet","2014","Silverado 1500"
"Chevrolet","2014","Silverado 2500HD"
"Chevrolet","2013","Silverado 2500HD"
"Chevrolet","2014","Silverado 3500HD"
"Chevrolet","2013","Silverado 3500HD"
"Chevrolet","2014","Sonic"
"Chevrolet","2013","Sonic"
"Chevrolet","2014","Spark"
"Chevrolet","2013","Spark"
"Chevrolet","2014","Spark EV"
"Chevrolet","2014","SS"
"Chevrolet","2014","Suburban"
"Chevrolet","2014","Tahoe"
"Chevrolet","2013","Tahoe"
"Chevrolet","2013","Tahoe Hybrid"
"Chevrolet","2014","Traverse"
"Chevrolet","2014","Volt"
"Chevrolet","2013","Volt"
"Chrysler","2014","200"
"Chrysler","2013","200"
"Chrysler","2014","300"
"Chrysler","2013","300"
"Chrysler","2014","Town & Country"
"Chrysler","2013","Town & Country"
"Dodge","2014","Avenger"
"Dodge","2014","Challenger"
"Dodge","2013","Challenger"
"Dodge","2014","Charger"
"Dodge","2013","Charger"
"Dodge","2014","Dart"
"Dodge","2013","Dart"
"Dodge","2014","Durango"
"Dodge","2013","Durango"
"Dodge","2014","Grand Caravan"
"Dodge","2014","Journey"
"Dodge","2014","SRT Viper"
"Dodge","2013","SRT Viper"
"Ferrari","2012","458 Italia"
"Ferrari","2013","California"
"Ferrari","2012","FF"
"FIAT","2014","500"
"FIAT","2013","500"
"FIAT","2014","500c"
"FIAT","2014","500e"
"FIAT","2013","500e BATTERY ELECTRIC"
"FIAT","2014","500L"
"Ford","2014","C-Max Energi"
"Ford","2013","C-Max Energi"
"Ford","2014","C-Max Hybrid"
"Ford","2013","C-Max Hybrid"
"Ford","2014","Econoline Cargo Van"
"Ford","2013","Econoline Cargo Van"
"Ford","2014","Econoline Wagon"
"Ford","2013","Econoline Wagon"
"Ford","2014","Edge"
"Ford","2013","Edge"
"Ford","2014","Escape"
"Ford","2014","Expedition"
"Ford","2013","Expedition"
"Ford","2014","Expedition EL"
"Ford","2013","Expedition EL"
"Ford","2014","Explorer"
"Ford","2014","F-150"
"Ford","2013","F-150"
"Ford","2014","Fiesta"
"Ford","2013","Fiesta"
"Ford","2014","Flex"
"Ford","2014","Focus"
"Ford","2014","Focus Electric"
"Ford","2014","Fusion"
"Ford","2014","Fusion Energi"
"Ford","2014","Mustang"
"Ford","2014","Super Duty F-250 SRW"
"Ford","2014","Super Duty F-350 DRW"
"Ford","2014","Super Duty F-350 SRW"
"Ford","2014","Super Duty F-450 DRW"
"Ford","2014","Taurus"
"Ford","2014","Transit Connect"
"Ford","2013","Transit Connect"
"Ford","2014","Transit Connect Wagon"
"Ford","2013","Transit Connect Wagon"
"GMC","2014","Acadia"
"GMC","2014","Savana Cargo Van"
"GMC","2013","Savana Cargo Van"
"GMC","2014","Savana Passenger"
"GMC","2013","Savana Passenger"
"GMC","2014","Sierra 1500"
"GMC","2014","Sierra 2500HD"
"GMC","2013","Sierra 2500HD"
"GMC","2014","Sierra 3500HD"
"GMC","2013","Sierra 3500HD"
"GMC","2014","Terrain"
"GMC","2013","Terrain"
"GMC","2014","Yukon"
"GMC","2013","Yukon"
"GMC","2013","Yukon Hybrid"
"GMC","2014","Yukon XL"
"GMC","2013","Yukon XL"
"Honda","2014","Accord Coupe"
"Honda","2013","Accord Coupe"
"Honda","2014","Accord Hybrid"
"Honda","2014","Accord Plug-in Hybrid"
"Honda","2014","Accord Sedan"
"Honda","2013","Accord Sedan"
"Honda","2013","Civic Coupe"
"Honda","2013","Civic Hybrid"
"Honda","2013","Civic Sedan"
"Honda","2014","CR-V"
"Honda","2014","CR-Z"
"Honda","2013","CR-Z"
"Honda","2014","Crosstour"
"Honda","2013","Crosstour"
"Honda","2013","Fit"
"Honda","2013","Insight"
"Honda","2014","Odyssey"
"Honda","2014","Pilot"
"Honda","2013","Pilot"
"Honda","2014","Ridgeline"
"Honda","2013","Ridgeline"
"Hyundai","2014","Accent"
"Hyundai","2013","Accent"
"Hyundai","2013","Azera"
"Hyundai","2013","Elantra"
"Hyundai","2013","Elantra Coupe"
"Hyundai","2013","Elantra GT"
"Hyundai","2014","Equus"
"Hyundai","2014","Genesis"
"Hyundai","2013","Genesis"
"Hyundai","2013","Genesis Coupe"
"Hyundai","2014","Santa Fe"
"Hyundai","2013","Santa Fe"
"Hyundai","2014","Santa Fe Sport"
"Hyundai","2014","Sonata"
"Hyundai","2013","Sonata"
"Hyundai","2013","Sonata Hybrid"
"Hyundai","2014","Tucson"
"Hyundai","2013","Tucson"
"Hyundai","2013","Veloster"
"Infiniti","2013","EX37"
"Infiniti","2013","G37 Sedan"
"Infiniti","2013","M35h"
"Infiniti","2013","M37"
"Infiniti","2013","M56"
"Infiniti","2014","Q50"
"Infiniti","2014","Q60 Convertible"
"Infiniti","2014","Q60 Coupe"
"Infiniti","2014","QX50"
"Infiniti","2014","QX60"
"Infiniti","2014","QX70"
"Infiniti","2014","QX80"
"Jaguar","2014","F-TYPE"
"Jaguar","2014","XF"
"Jaguar","2013","XF"
"Jaguar","2014","XJ"
"Jaguar","2013","XJ"
"Jaguar","2014","XK"
"Jaguar","2013","XK"
"Jeep","2014","Cherokee"
"Jeep","2014","Compass"
"Jeep","2014","Grand Cherokee"
"Jeep","2014","Patriot"
"Jeep","2014","Wrangler"
"Jeep","2014","Wrangler Unlimited"
"Kia","2014","Cadenza"
"Kia","2014","Forte"
"Kia","2013","Forte 5-Door"
"Kia","2013","Forte Koup"
"Kia","2014","Optima"
"Kia","2013","Optima"
"Kia","2013","Optima Hybrid"
"Kia","2013","Rio"
"Kia","2014","Sedona"
"Kia","2014","Sorento"
"Kia","2014","Soul"
"Kia","2013","Soul"
"Kia","2013","Sportage"
"Lamborghini","2013","Aventador"
"Lamborghini","2012","Gallardo"
"Land Rover","2014","LR2"
"Land Rover","2013","LR2"
"Land Rover","2014","LR4"
"Land Rover","2013","LR4"
"Land Rover","2014","Range Rover"
"Land Rover","2014","Range Rover Evoque"
"Land Rover","2013","Range Rover Evoque"
"Land Rover","2014","Range Rover Sport"
"Lexus","2013","CT 200h"
"Lexus","2014","ES 300h"
"Lexus","2014","ES 350"
"Lexus","2014","GS 350"
"Lexus","2013","GS 350"
"Lexus","2014","GS 450h"
"Lexus","2013","GS 450h"
"Lexus","2014","GX 460"
"Lexus","2014","IS 250"
"Lexus","2014","IS 250C"
"Lexus","2013","IS 250C"
"Lexus","2014","IS 350"
"Lexus","2014","IS 350C"
"Lexus","2013","IS 350C"
"Lexus","2014","IS F"
"Lexus","2013","IS F"
"Lexus","2014","LS 460"
"Lexus","2013","LS 460"
"Lexus","2014","LS 600h L"
"Lexus","2013","LS 600h L"
"Lexus","2014","LX 570"
"Lexus","2013","LX 570"
"Lexus","2014","RX 350"
"Lexus","2014","RX 450h"
"Lincoln","2014","MKS"
"Lincoln","2013","MKS"
"Lincoln","2014","MKT"
"Lincoln","2013","MKT"
"Lincoln","2014","MKX"
"Lincoln","2013","MKX"
"Lincoln","2014","MKZ"
"Lincoln","2013","MKZ"
"Lincoln","2014","Navigator"
"Lincoln","2013","Navigator"
"Lincoln","2014","Navigator L"
"Lincoln","2013","Navigator L"
"Lotus","2013","Evora"
"Maserati","2013","GranTurismo"
"Maserati","2013","GranTurismo Convertible"
"Maserati","2012","Quattroporte"
"Mazda","2014","CX-5"
"Mazda","2014","CX-9"
"Mazda","2013","CX-9"
"Mazda","2014","Mazda2"
"Mazda","2013","Mazda2"
"Mazda","2014","Mazda3"
"Mazda","2013","Mazda3"
"Mazda","2014","Mazda5"
"Mazda","2013","Mazda5"
"Mazda","2014","Mazda6"
"Mazda","2014","MX-5 Miata"
"Mazda","2013","MX-5 Miata"
"Mercedes-Benz","2014","C-Class"
"Mercedes-Benz","2013","C-Class"
"Mercedes-Benz","2014","CL-Class"
"Mercedes-Benz","2013","CL-Class"
"Mercedes-Benz","2014","CLA-Class"
"Mercedes-Benz","2014","CLS-Class"
"Mercedes-Benz","2013","CLS-Class"
"Mercedes-Benz","2014","E-Class"
"Mercedes-Benz","2013","E-Class"
"Mercedes-Benz","2014","G-Class"
"Mercedes-Benz","2013","G-Class"
"Mercedes-Benz","2014","GL-Class"
"Mercedes-Benz","2013","GL-Class"
"Mercedes-Benz","2014","GLK-Class"
"Mercedes-Benz","2013","GLK-Class"
"Mercedes-Benz","2014","M-Class"
"Mercedes-Benz","2013","M-Class"
"Mercedes-Benz","2014","S-Class"
"Mercedes-Benz","2013","S-Class"
"Mercedes-Benz","2014","SL-Class"
"Mercedes-Benz","2013","SL-Class"
"Mercedes-Benz","2014","SLK-Class"
"Mercedes-Benz","2013","SLK-Class"
"Mercedes-Benz","2014","SLS AMG Black Series"
"Mercedes-Benz","2014","SLS AMG GT"
"Mercedes-Benz","2013","SLS AMG GT"
"MINI","2014","Cooper Clubman"
"MINI","2013","Cooper Clubman"
"MINI","2014","Cooper Convertible"
"MINI","2013","Cooper Convertible"
"MINI","2014","Cooper Countryman"
"MINI","2013","Cooper Countryman"
"MINI","2014","Cooper Coupe"
"MINI","2013","Cooper Coupe"
"MINI","2013","Cooper Hardtop"
"MINI","2014","Cooper Paceman"
"MINI","2013","Cooper Paceman"
"MINI","2014","Cooper Roadster"
"MINI","2013","Cooper Roadster"
"Mitsubishi","2014","Lancer"
"Mitsubishi","2013","Lancer"
"Mitsubishi","2014","Lancer Evolution"
"Mitsubishi","2013","Lancer Evolution"
"Mitsubishi","2014","Lancer Sportback"
"Mitsubishi","2013","Lancer Sportback"
"Mitsubishi","2014","Mirage"
"Mitsubishi","2014","Outlander"
"Mitsubishi","2013","Outlander"
"Mitsubishi","2014","Outlander Sport"
"Mitsubishi","2013","Outlander Sport"
"Nissan","2014","370Z"
"Nissan","2013","370Z"
"Nissan","2014","Altima"
"Nissan","2014","Armada"
"Nissan","2013","Armada"
"Nissan","2013","cube"
"Nissan","2014","Frontier"
"Nissan","2013","Frontier"
"Nissan","2014","GT-R"
"Nissan","2014","JUKE"
"Nissan","2013","JUKE"
"Nissan","2013","LEAF"
"Nissan","2014","Maxima"
"Nissan","2013","Maxima"
"Nissan","2014","Murano"
"Nissan","2013","Murano"
"Nissan","2014","Murano CrossCabriolet"
"Nissan","2013","NV"
"Nissan","2013","NV200"
"Nissan","2013","NVP"
"Nissan","2014","Pathfinder"
"Nissan","2013","Pathfinder"
"Nissan","2014","Quest"
"Nissan","2013","Quest"
"Nissan","2014","Rogue"
"Nissan","2013","Rogue"
"Nissan","2013","Sentra"
"Nissan","2014","Titan"
"Nissan","2013","Titan"
"Nissan","2014","Versa"
"Nissan","2014","Versa Note"
"Nissan","2014","Xterra"
"Nissan","2013","Xterra"
"Porsche","2013","911"
"Porsche","2014","Boxster"
"Porsche","2013","Boxster"
"Porsche","2013","Cayenne"
"Porsche","2014","Cayman"
"Porsche","2014","Panamera"
"Ram","2014","1500"
"Ram","2013","1500"
"Ram","2014","2500"
"Ram","2013","2500"
"Ram","2014","3500"
"Ram","2013","3500"
"Ram","2014","Cargo Van"
"Ram","2013","Cargo Van"
"Ram","2014","ProMaster"
"Rolls-Royce","2013","Ghost"
"Rolls-Royce","2013","Phantom"
"Rolls-Royce","2013","Phantom Coupe"
"Scion","2014","FR-S"
"Scion","2013","FR-S"
"Scion","2014","iQ"
"Scion","2014","tC"
"Scion","2014","xB"
"Scion","2013","xB"
"Scion","2014","xD"
"Scion","2013","xD"
"Smart","2014","fortwo"
"Smart","2013","fortwo"
"Smart","2014","fortwo electric drive"
"Smart","2013","fortwo electric drive"
"Subaru","2014","BRZ"
"Subaru","2013","BRZ"
"Subaru","2014","Forester"
"Subaru","2014","Impreza Sedan"
"Subaru","2013","Impreza Sedan"
"Subaru","2014","Impreza Sedan WRX"
"Subaru","2013","Impreza Sedan WRX"
"Subaru","2014","Impreza Wagon"
"Subaru","2013","Impreza Wagon"
"Subaru","2014","Impreza Wagon WRX"
"Subaru","2013","Impreza Wagon WRX"
"Subaru","2014","Legacy"
"Subaru","2014","Outback"
"Subaru","2014","Tribeca"
"Subaru","2013","Tribeca"
"Subaru","2014","XV Crosstrek"
"Subaru","2013","XV Crosstrek"
"Subaru","2014","XV Crosstrek Hybrid"
"Tesla","2013","Model S"
"Toyota","2014","4Runner"
"Toyota","2013","4Runner"
"Toyota","2014","Avalon"
"Toyota","2013","Avalon"
"Toyota","2014","Avalon Hybrid"
"Toyota","2013","Avalon Hybrid"
"Toyota","2014","Camry"
"Toyota","2014","Camry Hybrid"
"Toyota","2014","Corolla"
"Toyota","2014","FJ Cruiser"
"Toyota","2013","Highlander"
"Toyota","2013","Highlander Hybrid"
"Toyota","2014","Land Cruiser"
"Toyota","2013","Land Cruiser"
"Toyota","2013","Matrix"
"Toyota","2014","Prius"
"Toyota","2013","Prius"
"Toyota","2014","Prius c"
"Toyota","2013","Prius c"
"Toyota","2014","Prius Plug-In"
"Toyota","2013","Prius Plug-In"
"Toyota","2014","Prius v"
"Toyota","2013","Prius v"
"Toyota","2013","RAV4"
"Toyota","2014","RAV4 EV"
"Toyota","2013","RAV4 EV"
"Toyota","2014","Sequoia"
"Toyota","2013","Sequoia"
"Toyota","2014","Sienna"
"Toyota","2013","Sienna"
"Toyota","2014","Tacoma"
"Toyota","2013","Tacoma"
"Toyota","2014","Tundra 2WD Truck"
"Toyota","2014","Tundra 4WD Truck"
"Toyota","2014","Venza"
"Toyota","2013","Venza"
"Toyota","2014","Yaris"
"Toyota","2013","Yaris"
"Volkswagen","2014","Beetle Convertible"
"Volkswagen","2013","Beetle Convertible"
"Volkswagen","2014","Beetle Coupe"
"Volkswagen","2013","Beetle Coupe"
"Volkswagen","2014","CC"
"Volkswagen","2013","CC"
"Volkswagen","2014","Eos"
"Volkswagen","2013","Eos"
"Volkswagen","2014","Golf"
"Volkswagen","2013","Golf"
"Volkswagen","2013","Golf R"
"Volkswagen","2014","GTI"
"Volkswagen","2013","GTI"
"Volkswagen","2014","Jetta Sedan"
"Volkswagen","2014","Jetta SportWagen"
"Volkswagen","2014","Passat"
"Volkswagen","2013","Passat"
"Volkswagen","2014","Tiguan"
"Volkswagen","2013","Tiguan"
"Volkswagen","2014","Touareg"
"Volkswagen","2013","Touareg"
"Volvo","2013","C30"
"Volvo","2013","C70"
"Volvo","2014","S60"
"Volvo","2013","S60"
"Volvo","2014","S80"
"Volvo","2013","S80"
"Volvo","2014","XC60"
"Volvo","2013","XC60"
"Volvo","2014","XC70"
"Volvo","2014","XC90"
"Volvo","2013","XC90"
